<?xml version="1.0" encoding="UTF-8"?>
<project-private xmlns="http://www.netbeans.org/ns/project-private/1">
    <editor-bookmarks xmlns="http://www.netbeans.org/ns/editor-bookmarks/2" lastBookmarkId="0"/>
    <open-files xmlns="http://www.netbeans.org/ns/projectui-open-files/2">
        <group>
            <file>file:/Users/saif_kridane/Desktop/MyStudy/3A/Java/piDev/src/gui/Entity2Controller.java</file>
            <file>file:/Users/saif_kridane/Desktop/MyStudy/3A/Java/piDev/src/gui/AvisPopupController.java</file>
            <file>file:/Users/saif_kridane/Desktop/MyStudy/3A/Java/piDev/src/gui/EventController.java</file>
            <file>file:/Users/saif_kridane/Desktop/MyStudy/3A/Java/piDev/src/entities/avis.java</file>
            <file>file:/Users/saif_kridane/Desktop/MyStudy/3A/Java/piDev/src/entities/event.java</file>
        </group>
    </open-files>
</project-private>
